Year,Month_AR,Month_EN,Park Name_EN,Park Name_AR, Numne of parks visitors 
2017,يناير,January,Mizari Park,حديقة مزيرع," 1,121       "
2017,فبراير ,February,Mizari Park,حديقة مزيرع, 675       
2017,مارس,March,Mizari Park,حديقة مزيرع," 1,450       "
2017,ابريل,April,Mizari Park,حديقة مزيرع," 1,853       "
2017,مايو ,May,Mizari Park,حديقة مزيرع," 2,486       "
2017,يونيو,June,Mizari Park,حديقة مزيرع," 2,054       "
2017,يوليو,July,Mizari Park,حديقة مزيرع," 2,034       "
2017,اغسطس,August,Mizari Park,حديقة مزيرع," 1,611       "
2017,سبتمبر,September,Mizari Park,حديقة مزيرع," 1,435       "
2017,اكتوبر,October,Mizari Park,حديقة مزيرع," 1,362       "
2017,نوفمبر,November,Mizari Park,حديقة مزيرع," 1,278       "
2017,ديسيمبر,December,Mizari Park,حديقة مزيرع," 1,009       "
2017,يناير,January,Mushairif,حديقة مشيرف," 19,388       "
2017,فبراير ,February,Mushairif,حديقة مشيرف," 4,715       "
2017,مارس,March,Mushairif,حديقة مشيرف," 14,085       "
2017,ابريل,April,Mushairif,حديقة مشيرف," 15,715       "
2017,مايو ,May,Mushairif,حديقة مشيرف," 5,382       "
2017,يونيو,June,Mushairif,حديقة مشيرف, 172       
2017,يوليو,July,Mushairif,حديقة مشيرف," 1,467       "
2017,اغسطس,August,Mushairif,حديقة مشيرف," 1,794       "
2017,سبتمبر,September,Mushairif,حديقة مشيرف," 3,695       "
2017,اكتوبر,October,Mushairif,حديقة مشيرف," 5,988       "
2017,نوفمبر,November,Mushairif,حديقة مشيرف," 9,646       "
2017,ديسيمبر,December,Mushairif,حديقة مشيرف," 17,915       "
2017,يناير,January,Al Helio, منتزه الحليو," 47,390       "
2017,فبراير ,February,Al Helio, منتزه الحليو," 26,896       "
2017,مارس,March,Al Helio, منتزه الحليو," 38,345       "
2017,ابريل,April,Al Helio, منتزه الحليو," 33,963       "
2017,مايو ,May,Al Helio, منتزه الحليو," 17,646       "
2017,يونيو,June,Al Helio, منتزه الحليو," 8,350       "
2017,يوليو,July,Al Helio, منتزه الحليو," 17,909       "
2017,اغسطس,August,Al Helio, منتزه الحليو," 17,601       "
2017,سبتمبر,September,Al Helio, منتزه الحليو," 41,122       "
2017,اكتوبر,October,Al Helio, منتزه الحليو," 40,017       "
2017,نوفمبر,November,Al Helio, منتزه الحليو," 62,059       "
2017,ديسيمبر,December,Al Helio, منتزه الحليو," 85,931       "
2017,يناير,January,Al Hekma,حديقة الحكمه," 3,758       "
2017,فبراير ,February,Al Hekma,حديقة الحكمه," 2,764       "
2017,مارس,March,Al Hekma,حديقة الحكمه," 5,105       "
2017,ابريل,April,Al Hekma,حديقة الحكمه," 5,989       "
2017,مايو ,May,Al Hekma,حديقة الحكمه," 2,222       "
2017,يونيو,June,Al Hekma,حديقة الحكمه, 53       
2017,يوليو,July,Al Hekma,حديقة الحكمه, 448       
2017,اغسطس,August,Al Hekma,حديقة الحكمه, 790       
2017,سبتمبر,September,Al Hekma,حديقة الحكمه," 1,697       "
2017,اكتوبر,October,Al Hekma,حديقة الحكمه," 2,648       "
2017,نوفمبر,November,Al Hekma,حديقة الحكمه," 4,585       "
2017,ديسيمبر,December,Al Hekma,حديقة الحكمه," 5,198       "
2017,يناير,January,Warqa'a,حديقة الورقا," 5,181       "
2017,فبراير ,February,Warqa'a,حديقة الورقا," 2,945       "
2017,مارس,March,Warqa'a,حديقة الورقا," 5,948       "
2017,ابريل,April,Warqa'a,حديقة الورقا," 4,868       "
2017,مايو ,May,Warqa'a,حديقة الورقا," 4,301       "
2017,يونيو,June,Warqa'a,حديقة الورقا," 1,930       "
2017,يوليو,July,Warqa'a,حديقة الورقا," 4,305       "
2017,اغسطس,August,Warqa'a,حديقة الورقا," 4,578       "
2017,سبتمبر,September,Warqa'a,حديقة الورقا," 6,028       "
2017,اكتوبر,October,Warqa'a,حديقة الورقا," 7,042       "
2017,نوفمبر,November,Warqa'a,حديقة الورقا," 4,676       "
2017,ديسيمبر,December,Warqa'a,حديقة الورقا," 27,481       "
2017,يناير,January,Alam Park,حديقة العلم," 2,492       "
2017,فبراير ,February,Alam Park,حديقة العلم," 3,981       "
2017,مارس,March,Alam Park,حديقة العلم," 9,507       "
2017,ابريل,April,Alam Park,حديقة العلم," 3,141       "
2017,مايو ,May,Alam Park,حديقة العلم," 1,978       "
2017,يونيو,June,Alam Park,حديقة العلم, 390       
2017,يوليو,July,Alam Park,حديقة العلم," 1,740       "
2017,اغسطس,August,Alam Park,حديقة العلم," 2,370       "
2017,سبتمبر,September,Alam Park,حديقة العلم," 4,109       "
2017,اكتوبر,October,Alam Park,حديقة العلم," 3,870       "
2017,نوفمبر,November,Alam Park,حديقة العلم," 12,869       "
2017,ديسيمبر,December,Alam Park,حديقة العلم," 21,617       "
2017,يناير,January,Safia Park,حديقة الصفيا," 12,850       "
2017,فبراير ,February,Safia Park,حديقة الصفيا," 13,804       "
2017,مارس,March,Safia Park,حديقة الصفيا," 17,079       "
2017,ابريل,April,Safia Park,حديقة الصفيا," 19,686       "
2017,مايو ,May,Safia Park,حديقة الصفيا," 7,040       "
2017,يونيو,June,Safia Park,حديقة الصفيا," 6,450       "
2017,يوليو,July,Safia Park,حديقة الصفيا," 1,157       "
2017,اغسطس,August,Safia Park,حديقة الصفيا," 3,723       "
2017,سبتمبر,September,Safia Park,حديقة الصفيا," 7,145       "
2017,اكتوبر,October,Safia Park,حديقة الصفيا," 10,170       "
2017,نوفمبر,November,Safia Park,حديقة الصفيا," 21,250       "
2017,ديسيمبر,December,Safia Park,حديقة الصفيا," 25,260       "
2017,يناير,January,Al Jurf Park,حديقة الجرف ," 3,768       "
2017,فبراير ,February,Al Jurf Park,حديقة الجرف ," 3,422       "
2017,مارس,March,Al Jurf Park,حديقة الجرف ," 3,092       "
2017,ابريل,April,Al Jurf Park,حديقة الجرف ," 1,745       "
2017,مايو ,May,Al Jurf Park,حديقة الجرف , 713       
2017,يونيو,June,Al Jurf Park,حديقة الجرف , 18       
2017,يوليو,July,Al Jurf Park,حديقة الجرف , 358       
2017,اغسطس,August,Al Jurf Park,حديقة الجرف , 730       
2017,سبتمبر,September,Al Jurf Park,حديقة الجرف , 774       
2017,اكتوبر,October,Al Jurf Park,حديقة الجرف ," 2,074       "
2017,نوفمبر,November,Al Jurf Park,حديقة الجرف ," 6,983       "
2017,ديسيمبر,December,Al Jurf Park,حديقة الجرف ," 8,902       "
2017,يناير,January,Sport Park,الحديقة الرياضية," 2,850       "
2017,فبراير ,February,Sport Park,الحديقة الرياضية," 3,450       "
2017,مارس,March,Sport Park,الحديقة الرياضية," 13,485       "
2017,ابريل,April,Sport Park,الحديقة الرياضية," 4,964       "
2017,مايو ,May,Sport Park,الحديقة الرياضية," 7,125       "
2017,يونيو,June,Sport Park,الحديقة الرياضية, 522       
2017,يوليو,July,Sport Park,الحديقة الرياضية," 6,720       "
2017,اغسطس,August,Sport Park,الحديقة الرياضية," 5,180       "
2017,سبتمبر,September,Sport Park,الحديقة الرياضية," 5,110       "
2017,اكتوبر,October,Sport Park,الحديقة الرياضية," 13,755       "
2017,نوفمبر,November,Sport Park,الحديقة الرياضية," 6,980       "
2017,ديسيمبر,December,Sport Park,الحديقة الرياضية," 5,110       "
2017,يناير,January,Al Rashidiya,حديقة الراشدية," 31,555       "
2017,فبراير ,February,Al Rashidiya,حديقة الراشدية," 15,415       "
2017,مارس,March,Al Rashidiya,حديقة الراشدية," 42,470       "
2017,ابريل,April,Al Rashidiya,حديقة الراشدية," 48,030       "
2017,مايو ,May,Al Rashidiya,حديقة الراشدية," 41,740       "
2017,يونيو,June,Al Rashidiya,حديقة الراشدية," 6,855       "
2017,يوليو,July,Al Rashidiya,حديقة الراشدية," 21,400       "
2017,اغسطس,August,Al Rashidiya,حديقة الراشدية," 33,340       "
2017,سبتمبر,September,Al Rashidiya,حديقة الراشدية," 27,875       "
2017,اكتوبر,October,Al Rashidiya,حديقة الراشدية," 35,790       "
2017,نوفمبر,November,Al Rashidiya,حديقة الراشدية," 42,330       "
2017,ديسيمبر,December,Al Rashidiya,حديقة الراشدية," 72,560       "
2017,يناير,January,Al Naseem,حديقة النسيم , NA 
2017,فبراير ,February,Al Naseem,حديقة النسيم , NA 
2017,مارس,March,Al Naseem,حديقة النسيم , NA 
2017,ابريل,April,Al Naseem,حديقة النسيم , NA 
2017,مايو ,May,Al Naseem,حديقة النسيم , NA 
2017,يونيو,June,Al Naseem,حديقة النسيم , NA 
2017,يوليو,July,Al Naseem,حديقة النسيم , NA 
2017,اغسطس,August,Al Naseem,حديقة النسيم , NA 
2017,سبتمبر,September,Al Naseem,حديقة النسيم , 506       
2017,اكتوبر,October,Al Naseem,حديقة النسيم , 605       
2017,نوفمبر,November,Al Naseem,حديقة النسيم ," 1,220       "
2017,ديسيمبر,December,Al Naseem,حديقة النسيم , 792       
2018,يناير,January,Mizari Park,حديقة مزيرع, 690       
2018,فبراير ,February,Mizari Park,حديقة مزيرع, 813       
2018,مارس,March,Mizari Park,حديقة مزيرع," 1,246       "
2018,ابريل,April,Mizari Park,حديقة مزيرع," 1,742       "
2018,مايو ,May,Mizari Park,حديقة مزيرع, 845       
2018,يونيو,June,Mizari Park,حديقة مزيرع, 418       
2018,يوليو,July,Mizari Park,حديقة مزيرع, 712       
2018,اغسطس,August,Mizari Park,حديقة مزيرع, 571       
2018,سبتمبر,September,Mizari Park,حديقة مزيرع, 806       
2018,اكتوبر,October,Mizari Park,حديقة مزيرع, 808       
2018,نوفمبر,November,Mizari Park,حديقة مزيرع, 830       
2018,ديسيمبر,December,Mizari Park,حديقة مزيرع, 798       
2018,يناير,January,Mushairif,حديقة مشيرف," 21,428       "
2018,فبراير ,February,Mushairif,حديقة مشيرف," 13,036       "
2018,مارس,March,Mushairif,حديقة مشيرف," 15,733       "
2018,ابريل,April,Mushairif,حديقة مشيرف," 8,678       "
2018,مايو ,May,Mushairif,حديقة مشيرف," 2,117       "
2018,يونيو,June,Mushairif,حديقة مشيرف," 1,226       "
2018,يوليو,July,Mushairif,حديقة مشيرف," 1,031       "
2018,اغسطس,August,Mushairif,حديقة مشيرف, 977       
2018,سبتمبر,September,Mushairif,حديقة مشيرف," 1,523       "
2018,اكتوبر,October,Mushairif,حديقة مشيرف," 2,480       "
2018,نوفمبر,November,Mushairif,حديقة مشيرف," 11,153       "
2018,ديسيمبر,December,Mushairif,حديقة مشيرف," 9,591       "
2018,يناير,January,Al Helio, منتزه الحليو," 51,455       "
2018,فبراير ,February,Al Helio, منتزه الحليو," 38,632       "
2018,مارس,March,Al Helio, منتزه الحليو," 45,878       "
2018,ابريل,April,Al Helio, منتزه الحليو," 33,065       "
2018,مايو ,May,Al Helio, منتزه الحليو," 14,888       "
2018,يونيو,June,Al Helio, منتزه الحليو," 11,820       "
2018,يوليو,July,Al Helio, منتزه الحليو," 11,282       "
2018,اغسطس,August,Al Helio, منتزه الحليو," 16,833       "
2018,سبتمبر,September,Al Helio, منتزه الحليو," 19,055       "
2018,اكتوبر,October,Al Helio, منتزه الحليو," 23,358       "
2018,نوفمبر,November,Al Helio, منتزه الحليو," 60,890       "
2018,ديسيمبر,December,Al Helio, منتزه الحليو," 62,802       "
2018,يناير,January,Al Hekma,حديقة الحكمه," 4,528       "
2018,فبراير ,February,Al Hekma,حديقة الحكمه," 3,096       "
2018,مارس,March,Al Hekma,حديقة الحكمه," 5,596       "
2018,ابريل,April,Al Hekma,حديقة الحكمه," 4,353       "
2018,مايو ,May,Al Hekma,حديقة الحكمه," 1,508       "
2018,يونيو,June,Al Hekma,حديقة الحكمه, 348       
2018,يوليو,July,Al Hekma,حديقة الحكمه, 793       
2018,اغسطس,August,Al Hekma,حديقة الحكمه, 240       
2018,سبتمبر,September,Al Hekma,حديقة الحكمه," 1,636       "
2018,اكتوبر,October,Al Hekma,حديقة الحكمه," 3,258       "
2018,نوفمبر,November,Al Hekma,حديقة الحكمه," 5,059       "
2018,ديسيمبر,December,Al Hekma,حديقة الحكمه," 4,238       "
2018,يناير,January,Warqa'a,حديقة الورقا," 18,705       "
2018,فبراير ,February,Warqa'a,حديقة الورقا," 2,954       "
2018,مارس,March,Warqa'a,حديقة الورقا," 5,575       "
2018,ابريل,April,Warqa'a,حديقة الورقا," 5,534       "
2018,مايو ,May,Warqa'a,حديقة الورقا," 2,980       "
2018,يونيو,June,Warqa'a,حديقة الورقا," 4,466       "
2018,يوليو,July,Warqa'a,حديقة الورقا," 4,385       "
2018,اغسطس,August,Warqa'a,حديقة الورقا," 4,412       "
2018,سبتمبر,September,Warqa'a,حديقة الورقا," 3,918       "
2018,اكتوبر,October,Warqa'a,حديقة الورقا," 4,597       "
2018,نوفمبر,November,Warqa'a,حديقة الورقا," 4,966       "
2018,ديسيمبر,December,Warqa'a,حديقة الورقا," 26,107       "
2018,يناير,January,Alam Park,حديقة العلم," 5,136       "
2018,فبراير ,February,Alam Park,حديقة العلم," 11,350       "
2018,مارس,March,Alam Park,حديقة العلم," 5,790       "
2018,ابريل,April,Alam Park,حديقة العلم," 11,530       "
2018,مايو ,May,Alam Park,حديقة العلم," 4,811       "
2018,يونيو,June,Alam Park,حديقة العلم," 13,979       "
2018,يوليو,July,Alam Park,حديقة العلم," 11,556       "
2018,اغسطس,August,Alam Park,حديقة العلم," 7,365       "
2018,سبتمبر,September,Alam Park,حديقة العلم," 13,370       "
2018,اكتوبر,October,Alam Park,حديقة العلم," 41,053       "
2018,نوفمبر,November,Alam Park,حديقة العلم," 68,995       "
2018,ديسيمبر,December,Alam Park,حديقة العلم," 19,279       "
2018,يناير,January,Safia Park,حديقة الصفيا," 18,880       "
2018,فبراير ,February,Safia Park,حديقة الصفيا," 16,230       "
2018,مارس,March,Safia Park,حديقة الصفيا," 16,480       "
2018,ابريل,April,Safia Park,حديقة الصفيا," 18,680       "
2018,مايو ,May,Safia Park,حديقة الصفيا," 12,840       "
2018,يونيو,June,Safia Park,حديقة الصفيا," 12,740       "
2018,يوليو,July,Safia Park,حديقة الصفيا," 14,523       "
2018,اغسطس,August,Safia Park,حديقة الصفيا," 13,950       "
2018,سبتمبر,September,Safia Park,حديقة الصفيا," 18,000       "
2018,اكتوبر,October,Safia Park,حديقة الصفيا," 16,680       "
2018,نوفمبر,November,Safia Park,حديقة الصفيا," 24,050       "
2018,ديسيمبر,December,Safia Park,حديقة الصفيا," 26,860       "
2018,يناير,January,Al Jurf Park,حديقة الجرف ," 6,131       "
2018,فبراير ,February,Al Jurf Park,حديقة الجرف ," 5,724       "
2018,مارس,March,Al Jurf Park,حديقة الجرف ," 6,519       "
2018,ابريل,April,Al Jurf Park,حديقة الجرف ," 3,045       "
2018,مايو ,May,Al Jurf Park,حديقة الجرف , 741       
2018,يونيو,June,Al Jurf Park,حديقة الجرف , 310       
2018,يوليو,July,Al Jurf Park,حديقة الجرف , 399       
2018,اغسطس,August,Al Jurf Park,حديقة الجرف , 489       
2018,سبتمبر,September,Al Jurf Park,حديقة الجرف , 720       
2018,اكتوبر,October,Al Jurf Park,حديقة الجرف ," 2,249       "
2018,نوفمبر,November,Al Jurf Park,حديقة الجرف ," 5,693       "
2018,ديسيمبر,December,Al Jurf Park,حديقة الجرف ," 12,582       "
2018,يناير,January,Sport Park,الحديقة الرياضية," 6,258       "
2018,فبراير ,February,Sport Park,الحديقة الرياضية," 5,399       "
2018,مارس,March,Sport Park,الحديقة الرياضية," 7,100       "
2018,ابريل,April,Sport Park,الحديقة الرياضية," 5,619       "
2018,مايو ,May,Sport Park,الحديقة الرياضية," 2,000       "
2018,يونيو,June,Sport Park,الحديقة الرياضية," 2,750       "
2018,يوليو,July,Sport Park,الحديقة الرياضية," 3,102       "
2018,اغسطس,August,Sport Park,الحديقة الرياضية," 2,905       "
2018,سبتمبر,September,Sport Park,الحديقة الرياضية," 2,623       "
2018,اكتوبر,October,Sport Park,الحديقة الرياضية," 12,671       "
2018,نوفمبر,November,Sport Park,الحديقة الرياضية," 14,941       "
2018,ديسيمبر,December,Sport Park,الحديقة الرياضية," 15,716       "
2018,يناير,January,Al Rashidiya,حديقة الراشدية," 63,630       "
2018,فبراير ,February,Al Rashidiya,حديقة الراشدية," 42,920       "
2018,مارس,March,Al Rashidiya,حديقة الراشدية," 62,540       "
2018,ابريل,April,Al Rashidiya,حديقة الراشدية," 52,200       "
2018,مايو ,May,Al Rashidiya,حديقة الراشدية," 25,520       "
2018,يونيو,June,Al Rashidiya,حديقة الراشدية," 21,390       "
2018,يوليو,July,Al Rashidiya,حديقة الراشدية," 22,385       "
2018,اغسطس,August,Al Rashidiya,حديقة الراشدية," 4,668       "
2018,سبتمبر,September,Al Rashidiya,حديقة الراشدية," 6,839       "
2018,اكتوبر,October,Al Rashidiya,حديقة الراشدية," 11,853       "
2018,نوفمبر,November,Al Rashidiya,حديقة الراشدية," 30,144       "
2018,ديسيمبر,December,Al Rashidiya,حديقة الراشدية," 45,539       "
2018,يناير,January,Al Naseem,حديقة النسيم , 923       
2018,فبراير ,February,Al Naseem,حديقة النسيم , 605       
2018,مارس,March,Al Naseem,حديقة النسيم , 829       
2018,ابريل,April,Al Naseem,حديقة النسيم , 865       
2018,مايو ,May,Al Naseem,حديقة النسيم , 478       
2018,يونيو,June,Al Naseem,حديقة النسيم , 80       
2018,يوليو,July,Al Naseem,حديقة النسيم , 259       
2018,اغسطس,August,Al Naseem,حديقة النسيم , 349       
2018,سبتمبر,September,Al Naseem,حديقة النسيم , 476       
2018,اكتوبر,October,Al Naseem,حديقة النسيم , 607       
2018,نوفمبر,November,Al Naseem,حديقة النسيم , 995       
2018,ديسيمبر,December,Al Naseem,حديقة النسيم , 984       
2019,يناير,January,Mizari Park,حديقة مزيرع, 705       
2019,فبراير ,February,Mizari Park,حديقة مزيرع, 305       
2019,مارس,March,Mizari Park,حديقة مزيرع, 536       
2019,ابريل,April,Mizari Park,حديقة مزيرع, 907       
2019,مايو ,May,Mizari Park,حديقة مزيرع, 680       
2019,يونيو,June,Mizari Park,حديقة مزيرع, 447       
2019,يوليو,July,Mizari Park,حديقة مزيرع, 726       
2019,اغسطس,August,Mizari Park,حديقة مزيرع, 580       
2019,سبتمبر,September,Mizari Park,حديقة مزيرع, 510       
2019,اكتوبر,October,Mizari Park,حديقة مزيرع, 600       
2019,نوفمبر,November,Mizari Park,حديقة مزيرع, 538       
2019,ديسيمبر,December,Mizari Park,حديقة مزيرع, 235       
2019,يناير,January,Mushairif,حديقة مشيرف," 17,390       "
2019,فبراير ,February,Mushairif,حديقة مشيرف," 4,775       "
2019,مارس,March,Mushairif,حديقة مشيرف," 4,910       "
2019,ابريل,April,Mushairif,حديقة مشيرف," 14,101       "
2019,مايو ,May,Mushairif,حديقة مشيرف," 1,336       "
2019,يونيو,June,Mushairif,حديقة مشيرف, 422       
2019,يوليو,July,Mushairif,حديقة مشيرف, 784       
2019,اغسطس,August,Mushairif,حديقة مشيرف," 1,092       "
2019,سبتمبر,September,Mushairif,حديقة مشيرف," 1,083       "
2019,اكتوبر,October,Mushairif,حديقة مشيرف," 3,302       "
2019,نوفمبر,November,Mushairif,حديقة مشيرف," 3,944       "
2019,ديسيمبر,December,Mushairif,حديقة مشيرف," 7,917       "
2019,يناير,January,Al Helio, منتزه الحليو," 45,917       "
2019,فبراير ,February,Al Helio, منتزه الحليو," 32,294       "
2019,مارس,March,Al Helio, منتزه الحليو," 31,094       "
2019,ابريل,April,Al Helio, منتزه الحليو," 30,684       "
2019,مايو ,May,Al Helio, منتزه الحليو," 40,525       "
2019,يونيو,June,Al Helio, منتزه الحليو," 16,837       "
2019,يوليو,July,Al Helio, منتزه الحليو," 10,240       "
2019,اغسطس,August,Al Helio, منتزه الحليو," 12,345       "
2019,سبتمبر,September,Al Helio, منتزه الحليو," 8,050       "
2019,اكتوبر,October,Al Helio, منتزه الحليو," 13,210       "
2019,نوفمبر,November,Al Helio, منتزه الحليو," 51,795       "
2019,ديسيمبر,December,Al Helio, منتزه الحليو," 54,068       "
2019,يناير,January,Al Hekma,حديقة الحكمه," 4,027       "
2019,فبراير ,February,Al Hekma,حديقة الحكمه," 2,478       "
2019,مارس,March,Al Hekma,حديقة الحكمه," 3,780       "
2019,ابريل,April,Al Hekma,حديقة الحكمه," 3,708       "
2019,مايو ,May,Al Hekma,حديقة الحكمه," 1,130       "
2019,يونيو,June,Al Hekma,حديقة الحكمه, 173       
2019,يوليو,July,Al Hekma,حديقة الحكمه, 366       
2019,اغسطس,August,Al Hekma,حديقة الحكمه, 293       
2019,سبتمبر,September,Al Hekma,حديقة الحكمه, 600       
2019,اكتوبر,October,Al Hekma,حديقة الحكمه," 3,770       "
2019,نوفمبر,November,Al Hekma,حديقة الحكمه," 3,182       "
2019,ديسيمبر,December,Al Hekma,حديقة الحكمه," 3,302       "
2019,يناير,January,Warqa'a,حديقة الورقا," 14,280       "
2019,فبراير ,February,Warqa'a,حديقة الورقا," 2,742       "
2019,مارس,March,Warqa'a,حديقة الورقا," 2,719       "
2019,ابريل,April,Warqa'a,حديقة الورقا," 4,671       "
2019,مايو ,May,Warqa'a,حديقة الورقا," 2,425       "
2019,يونيو,June,Warqa'a,حديقة الورقا," 2,469       "
2019,يوليو,July,Warqa'a,حديقة الورقا," 3,759       "
2019,اغسطس,August,Warqa'a,حديقة الورقا," 3,528       "
2019,سبتمبر,September,Warqa'a,حديقة الورقا," 2,764       "
2019,اكتوبر,October,Warqa'a,حديقة الورقا," 3,275       "
2019,نوفمبر,November,Warqa'a,حديقة الورقا," 4,406       "
2019,ديسيمبر,December,Warqa'a,حديقة الورقا," 20,882       "
2019,يناير,January,Alam Park,حديقة العلم," 19,203       "
2019,فبراير ,February,Alam Park,حديقة العلم," 12,541       "
2019,مارس,March,Alam Park,حديقة العلم," 10,593       "
2019,ابريل,April,Alam Park,حديقة العلم," 11,840       "
2019,مايو ,May,Alam Park,حديقة العلم," 2,985       "
2019,يونيو,June,Alam Park,حديقة العلم," 2,657       "
2019,يوليو,July,Alam Park,حديقة العلم," 3,304       "
2019,اغسطس,August,Alam Park,حديقة العلم," 3,336       "
2019,سبتمبر,September,Alam Park,حديقة العلم," 3,183       "
2019,اكتوبر,October,Alam Park,حديقة العلم," 4,782       "
2019,نوفمبر,November,Alam Park,حديقة العلم," 13,152       "
2019,ديسيمبر,December,Alam Park,حديقة العلم," 19,096       "
2019,يناير,January,Safia Park,حديقة الصفيا," 26,110       "
2019,فبراير ,February,Safia Park,حديقة الصفيا," 24,160       "
2019,مارس,March,Safia Park,حديقة الصفيا," 9,950       "
2019,ابريل,April,Safia Park,حديقة الصفيا," 13,810       "
2019,مايو ,May,Safia Park,حديقة الصفيا," 8,026       "
2019,يونيو,June,Safia Park,حديقة الصفيا," 10,500       "
2019,يوليو,July,Safia Park,حديقة الصفيا," 9,870       "
2019,اغسطس,August,Safia Park,حديقة الصفيا," 9,860       "
2019,سبتمبر,September,Safia Park,حديقة الصفيا," 1,832       "
2019,اكتوبر,October,Safia Park,حديقة الصفيا," 4,192       "
2019,نوفمبر,November,Safia Park,حديقة الصفيا," 2,706       "
2019,ديسيمبر,December,Safia Park,حديقة الصفيا," 7,235       "
2019,يناير,January,Al Jurf Park,حديقة الجرف ," 11,052       "
2019,فبراير ,February,Al Jurf Park,حديقة الجرف ," 6,063       "
2019,مارس,March,Al Jurf Park,حديقة الجرف ," 10,169       "
2019,ابريل,April,Al Jurf Park,حديقة الجرف ," 10,539       "
2019,مايو ,May,Al Jurf Park,حديقة الجرف ," 1,296       "
2019,يونيو,June,Al Jurf Park,حديقة الجرف , 494       
2019,يوليو,July,Al Jurf Park,حديقة الجرف , 439       
2019,اغسطس,August,Al Jurf Park,حديقة الجرف , 349       
2019,سبتمبر,September,Al Jurf Park,حديقة الجرف , 440       
2019,اكتوبر,October,Al Jurf Park,حديقة الجرف ," 1,138       "
2019,نوفمبر,November,Al Jurf Park,حديقة الجرف ," 3,684       "
2019,ديسيمبر,December,Al Jurf Park,حديقة الجرف ," 5,751       "
2019,يناير,January,Sport Park,الحديقة الرياضية," 11,086       "
2019,فبراير ,February,Sport Park,الحديقة الرياضية," 8,231       "
2019,مارس,March,Sport Park,الحديقة الرياضية," 10,737       "
2019,ابريل,April,Sport Park,الحديقة الرياضية," 4,560       "
2019,مايو ,May,Sport Park,الحديقة الرياضية," 2,418       "
2019,يونيو,June,Sport Park,الحديقة الرياضية," 1,877       "
2019,يوليو,July,Sport Park,الحديقة الرياضية," 2,222       "
2019,اغسطس,August,Sport Park,الحديقة الرياضية," 2,704       "
2019,سبتمبر,September,Sport Park,الحديقة الرياضية," 2,431       "
2019,اكتوبر,October,Sport Park,الحديقة الرياضية," 4,329       "
2019,نوفمبر,November,Sport Park,الحديقة الرياضية," 8,595       "
2019,ديسيمبر,December,Sport Park,الحديقة الرياضية," 26,145       "
2019,يناير,January,Al Rashidiya,حديقة الراشدية," 29,819       "
2019,فبراير ,February,Al Rashidiya,حديقة الراشدية," 21,418       "
2019,مارس,March,Al Rashidiya,حديقة الراشدية," 25,008       "
2019,ابريل,April,Al Rashidiya,حديقة الراشدية," 45,060       "
2019,مايو ,May,Al Rashidiya,حديقة الراشدية," 10,666       "
2019,يونيو,June,Al Rashidiya,حديقة الراشدية," 4,630       "
2019,يوليو,July,Al Rashidiya,حديقة الراشدية," 10,390       "
2019,اغسطس,August,Al Rashidiya,حديقة الراشدية," 5,990       "
2019,سبتمبر,September,Al Rashidiya,حديقة الراشدية," 6,065       "
2019,اكتوبر,October,Al Rashidiya,حديقة الراشدية," 22,300       "
2019,نوفمبر,November,Al Rashidiya,حديقة الراشدية," 28,660       "
2019,ديسيمبر,December,Al Rashidiya,حديقة الراشدية," 49,690       "
2019,يناير,January,Al Naseem,حديقة النسيم , 783       
2019,فبراير ,February,Al Naseem,حديقة النسيم , 821       
2019,مارس,March,Al Naseem,حديقة النسيم ," 1,291       "
2019,ابريل,April,Al Naseem,حديقة النسيم ," 1,238       "
2019,مايو ,May,Al Naseem,حديقة النسيم , 641       
2019,يونيو,June,Al Naseem,حديقة النسيم , 278       
2019,يوليو,July,Al Naseem,حديقة النسيم , 566       
2019,اغسطس,August,Al Naseem,حديقة النسيم ," 1,435       "
2019,سبتمبر,September,Al Naseem,حديقة النسيم , 789       
2019,اكتوبر,October,Al Naseem,حديقة النسيم ," 1,856       "
2019,نوفمبر,November,Al Naseem,حديقة النسيم ," 1,312       "
2019,ديسيمبر,December,Al Naseem,حديقة النسيم ," 1,116       "
2019,يناير,January,al rqayeb,حديقة الرقايب, -         
2019,فبراير ,February,al rqayeb,حديقة الرقايب, -         
2019,مارس,March,al rqayeb,حديقة الرقايب, -         
2019,ابريل,April,al rqayeb,حديقة الرقايب," 4,521       "
2019,مايو ,May,al rqayeb,حديقة الرقايب, 625       
2019,يونيو,June,al rqayeb,حديقة الرقايب, 306       
2019,يوليو,July,al rqayeb,حديقة الرقايب," 1,021       "
2019,اغسطس,August,al rqayeb,حديقة الرقايب, 393       
2019,سبتمبر,September,al rqayeb,حديقة الرقايب," 20,492       "
2019,اكتوبر,October,al rqayeb,حديقة الرقايب," 20,128       "
2019,نوفمبر,November,al rqayeb,حديقة الرقايب," 11,692       "
2019,ديسيمبر,December,al rqayeb,حديقة الرقايب," 13,530       "
2020,يناير,January,Mizari Park,حديقة مزيرع, 434       
2020,فبراير ,February,Mizari Park,حديقة مزيرع, 571       
2020,مارس,March,Mizari Park,حديقة مزيرع, 619       
2020,ابريل,April,Mizari Park,حديقة مزيرع,0
2020,مايو ,May,Mizari Park,حديقة مزيرع,0
2020,يونيو,June,Mizari Park,حديقة مزيرع,0
2020,يوليو,July,Mizari Park,حديقة مزيرع,0
2020,اغسطس,August,Mizari Park,حديقة مزيرع,0
2020,سبتمبر,September,Mizari Park,حديقة مزيرع, 341       
2020,اكتوبر,October,Mizari Park,حديقة مزيرع, 548       
2020,نوفمبر,November,Mizari Park,حديقة مزيرع, 460       
2020,ديسيمبر,December,Mizari Park,حديقة مزيرع, 487       
2020,يناير,January,Mushairif,حديقة مشيرف," 5,829       "
2020,فبراير ,February,Mushairif,حديقة مشيرف," 5,872       "
2020,مارس,March,Mushairif,حديقة مشيرف, 703       
2020,ابريل,April,Mushairif,حديقة مشيرف,0
2020,مايو ,May,Mushairif,حديقة مشيرف,0
2020,يونيو,June,Mushairif,حديقة مشيرف,0
2020,يوليو,July,Mushairif,حديقة مشيرف,0
2020,اغسطس,August,Mushairif,حديقة مشيرف,0
2020,سبتمبر,September,Mushairif,حديقة مشيرف, 543       
2020,اكتوبر,October,Mushairif,حديقة مشيرف," 5,413       "
2020,نوفمبر,November,Mushairif,حديقة مشيرف," 6,276       "
2020,ديسيمبر,December,Mushairif,حديقة مشيرف," 9,325       "
2020,يناير,January,Al Helio, منتزه الحليو," 44,370       "
2020,فبراير ,February,Al Helio, منتزه الحليو," 37,195       "
2020,مارس,March,Al Helio, منتزه الحليو," 18,020       "
2020,ابريل,April,Al Helio, منتزه الحليو,0
2020,مايو ,May,Al Helio, منتزه الحليو,0
2020,يونيو,June,Al Helio, منتزه الحليو,0
2020,يوليو,July,Al Helio, منتزه الحليو,0
2020,اغسطس,August,Al Helio, منتزه الحليو,0
2020,سبتمبر,September,Al Helio, منتزه الحليو," 11,798       "
2020,اكتوبر,October,Al Helio, منتزه الحليو," 51,101       "
2020,نوفمبر,November,Al Helio, منتزه الحليو," 59,284       "
2020,ديسيمبر,December,Al Helio, منتزه الحليو," 99,211       "
2020,يناير,January,Al Hekma,حديقة الحكمه," 2,474       "
2020,فبراير ,February,Al Hekma,حديقة الحكمه," 2,555       "
2020,مارس,March,Al Hekma,حديقة الحكمه," 1,000       "
2020,ابريل,April,Al Hekma,حديقة الحكمه,0
2020,مايو ,May,Al Hekma,حديقة الحكمه,0
2020,يونيو,June,Al Hekma,حديقة الحكمه,0
2020,يوليو,July,Al Hekma,حديقة الحكمه,0
2020,اغسطس,August,Al Hekma,حديقة الحكمه,0
2020,سبتمبر,September,Al Hekma,حديقة الحكمه, 85       
2020,اكتوبر,October,Al Hekma,حديقة الحكمه, 841       
2020,نوفمبر,November,Al Hekma,حديقة الحكمه," 2,496       "
2020,ديسيمبر,December,Al Hekma,حديقة الحكمه," 3,428       "
2020,يناير,January,Warqa'a,حديقة الورقا," 6,318       "
2020,فبراير ,February,Warqa'a,حديقة الورقا," 1,700       "
2020,مارس,March,Warqa'a,حديقة الورقا, 258       
2020,ابريل,April,Warqa'a,حديقة الورقا,0
2020,مايو ,May,Warqa'a,حديقة الورقا,0
2020,يونيو,June,Warqa'a,حديقة الورقا,0
2020,يوليو,July,Warqa'a,حديقة الورقا,0
2020,اغسطس,August,Warqa'a,حديقة الورقا,0
2020,سبتمبر,September,Warqa'a,حديقة الورقا, 584       
2020,اكتوبر,October,Warqa'a,حديقة الورقا," 1,251       "
2020,نوفمبر,November,Warqa'a,حديقة الورقا," 1,442       "
2020,ديسيمبر,December,Warqa'a,حديقة الورقا," 2,201       "
2020,يناير,January,Alam Park,حديقة العلم," 14,944       "
2020,فبراير ,February,Alam Park,حديقة العلم," 10,962       "
2020,مارس,March,Alam Park,حديقة العلم," 2,000       "
2020,ابريل,April,Alam Park,حديقة العلم,0
2020,مايو ,May,Alam Park,حديقة العلم,0
2020,يونيو,June,Alam Park,حديقة العلم,0
2020,يوليو,July,Alam Park,حديقة العلم,0
2020,اغسطس,August,Alam Park,حديقة العلم,0
2020,سبتمبر,September,Alam Park,حديقة العلم," 4,235       "
2020,اكتوبر,October,Alam Park,حديقة العلم," 6,596       "
2020,نوفمبر,November,Alam Park,حديقة العلم," 10,295       "
2020,ديسيمبر,December,Alam Park,حديقة العلم," 10,607       "
2020,يناير,January,Safia Park,حديقة الصفيا," 26,110       "
2020,فبراير ,February,Safia Park,حديقة الصفيا," 3,666       "
2020,مارس,March,Safia Park,حديقة الصفيا," 1,500       "
2020,ابريل,April,Safia Park,حديقة الصفيا,0
2020,مايو ,May,Safia Park,حديقة الصفيا,0
2020,يونيو,June,Safia Park,حديقة الصفيا,0
2020,يوليو,July,Safia Park,حديقة الصفيا,0
2020,اغسطس,August,Safia Park,حديقة الصفيا,0
2020,سبتمبر,September,Safia Park,حديقة الصفيا," 6,455       "
2020,اكتوبر,October,Safia Park,حديقة الصفيا," 7,000       "
2020,نوفمبر,November,Safia Park,حديقة الصفيا," 7,300       "
2020,ديسيمبر,December,Safia Park,حديقة الصفيا," 7,011       "
2020,يناير,January,Al Jurf Park,حديقة الجرف ," 4,913       "
2020,فبراير ,February,Al Jurf Park,حديقة الجرف ," 4,137       "
2020,مارس,March,Al Jurf Park,حديقة الجرف ," 1,430       "
2020,ابريل,April,Al Jurf Park,حديقة الجرف ,0
2020,مايو ,May,Al Jurf Park,حديقة الجرف ,0
2020,يونيو,June,Al Jurf Park,حديقة الجرف ,0
2020,يوليو,July,Al Jurf Park,حديقة الجرف ,0
2020,اغسطس,August,Al Jurf Park,حديقة الجرف ,0
2020,سبتمبر,September,Al Jurf Park,حديقة الجرف , 612       
2020,اكتوبر,October,Al Jurf Park,حديقة الجرف ," 3,065       "
2020,نوفمبر,November,Al Jurf Park,حديقة الجرف ," 4,537       "
2020,ديسيمبر,December,Al Jurf Park,حديقة الجرف ," 17,422       "
2020,يناير,January,Sport Park,الحديقة الرياضية," 6,800       "
2020,فبراير ,February,Sport Park,الحديقة الرياضية," 5,975       "
2020,مارس,March,Sport Park,الحديقة الرياضية," 1,770       "
2020,ابريل,April,Sport Park,الحديقة الرياضية,0
2020,مايو ,May,Sport Park,الحديقة الرياضية,0
2020,يونيو,June,Sport Park,الحديقة الرياضية,0
2020,يوليو,July,Sport Park,الحديقة الرياضية,0
2020,اغسطس,August,Sport Park,الحديقة الرياضية,0
2020,سبتمبر,September,Sport Park,الحديقة الرياضية," 5,936       "
2020,اكتوبر,October,Sport Park,الحديقة الرياضية," 9,383       "
2020,نوفمبر,November,Sport Park,الحديقة الرياضية," 13,441       "
2020,ديسيمبر,December,Sport Park,الحديقة الرياضية," 7,934       "
2020,يناير,January,Al Rashidiya,حديقة الراشدية," 33,342       "
2020,فبراير ,February,Al Rashidiya,حديقة الراشدية," 22,358       "
2020,مارس,March,Al Rashidiya,حديقة الراشدية," 22,000       "
2020,ابريل,April,Al Rashidiya,حديقة الراشدية,0
2020,مايو ,May,Al Rashidiya,حديقة الراشدية,0
2020,يونيو,June,Al Rashidiya,حديقة الراشدية,0
2020,يوليو,July,Al Rashidiya,حديقة الراشدية,0
2020,اغسطس,August,Al Rashidiya,حديقة الراشدية,0
2020,سبتمبر,September,Al Rashidiya,حديقة الراشدية," 4,902       "
2020,اكتوبر,October,Al Rashidiya,حديقة الراشدية," 11,370       "
2020,نوفمبر,November,Al Rashidiya,حديقة الراشدية," 11,679       "
2020,ديسيمبر,December,Al Rashidiya,حديقة الراشدية," 15,951       "
2020,يناير,January,Al Naseem,حديقة النسيم ," 1,089       "
2020,فبراير ,February,Al Naseem,حديقة النسيم ," 1,404       "
2020,مارس,March,Al Naseem,حديقة النسيم , 740       
2020,ابريل,April,Al Naseem,حديقة النسيم ,0
2020,مايو ,May,Al Naseem,حديقة النسيم ,0
2020,يونيو,June,Al Naseem,حديقة النسيم ,0
2020,يوليو,July,Al Naseem,حديقة النسيم ,0
2020,اغسطس,August,Al Naseem,حديقة النسيم ,0
2020,سبتمبر,September,Al Naseem,حديقة النسيم , 332       
2020,اكتوبر,October,Al Naseem,حديقة النسيم , 690       
2020,نوفمبر,November,Al Naseem,حديقة النسيم , 341       
2020,ديسيمبر,December,Al Naseem,حديقة النسيم , 568       
2020,يناير,January,al rqayeb,حديقة الرقايب," 14,629       "
2020,فبراير ,February,al rqayeb,حديقة الرقايب," 11,110       "
2020,مارس,March,al rqayeb,حديقة الرقايب," 3,810       "
2020,ابريل,April,al rqayeb,حديقة الرقايب,0
2020,مايو ,May,al rqayeb,حديقة الرقايب,0
2020,يونيو,June,al rqayeb,حديقة الرقايب,0
2020,يوليو,July,al rqayeb,حديقة الرقايب,0
2020,اغسطس,August,al rqayeb,حديقة الرقايب,0
2020,سبتمبر,September,al rqayeb,حديقة الرقايب," 4,200       "
2020,اكتوبر,October,al rqayeb,حديقة الرقايب," 11,456       "
2020,نوفمبر,November,al rqayeb,حديقة الرقايب," 12,780       "
2020,ديسيمبر,December,al rqayeb,حديقة الرقايب," 22,645       "
2020,يناير,January,Sayh Al Zahra,حديقة سيح الزهره, 245       
2020,فبراير ,February,Sayh Al Zahra,حديقة سيح الزهره, 145       
2020,مارس,March,Sayh Al Zahra,حديقة سيح الزهره, 80       
2020,ابريل,April,Sayh Al Zahra,حديقة سيح الزهره,0
2020,مايو ,May,Sayh Al Zahra,حديقة سيح الزهره,0
2020,يونيو,June,Sayh Al Zahra,حديقة سيح الزهره,0
2020,يوليو,July,Sayh Al Zahra,حديقة سيح الزهره,0
2020,اغسطس,August,Sayh Al Zahra,حديقة سيح الزهره,0
2020,سبتمبر,September,Sayh Al Zahra,حديقة سيح الزهره, 110       
2020,اكتوبر,October,Sayh Al Zahra,حديقة سيح الزهره, 282       
2020,نوفمبر,November,Sayh Al Zahra,حديقة سيح الزهره, 274       
2020,ديسيمبر,December,Sayh Al Zahra,حديقة سيح الزهره, 377       
2020,يناير,January,Al Manama Museum, متحف المنامة," 2,647       "
2020,فبراير ,February,Al Manama Museum, متحف المنامة," 1,428       "
2020,مارس,March,Al Manama Museum, متحف المنامة, 603       
2020,ابريل,April,Al Manama Museum, متحف المنامة,0
2020,مايو ,May,Al Manama Museum, متحف المنامة,0
2020,يونيو,June,Al Manama Museum, متحف المنامة,0
2020,يوليو,July,Al Manama Museum, متحف المنامة,0
2020,اغسطس,August,Al Manama Museum, متحف المنامة,0
2020,سبتمبر,September,Al Manama Museum, متحف المنامة," 1,005       "
2020,اكتوبر,October,Al Manama Museum,حديقة متحف المنامة," 1,474       "
2020,نوفمبر,November,Al Manama Museum,حديقة متحف المنامة," 1,767       "
2020,ديسيمبر,December,Al Manama Museum,حديقة متحف المنامة," 1,357       "
2020,يناير,January,Al Subigha park,حديقة الصبيغة, 260       
2020,فبراير ,February,Al Subigha park,حديقة الصبيغة, 162       
2020,مارس,March,Al Subigha park,حديقة الصبيغة, 670       
2020,ابريل,April,Al Subigha park,حديقة الصبيغة,0
2020,مايو ,May,Al Subigha park,حديقة الصبيغة,0
2020,يونيو,June,Al Subigha park,حديقة الصبيغة,0
2020,يوليو,July,Al Subigha park,حديقة الصبيغة,0
2020,اغسطس,August,Al Subigha park,حديقة الصبيغة,0
2020,سبتمبر,September,Al Subigha park,حديقة الصبيغة, 176       
2020,اكتوبر,October,Al Subigha park,حديقة الصبيغة, 316       
2020,نوفمبر,November,Al Subigha park,حديقة الصبيغة, 457       
2020,ديسيمبر,December,Al Subigha park,حديقة الصبيغة, 487       
2021,يناير,January,Mizari Park,حديقة مزيرع, 216       
2021,فبراير ,February,Mizari Park,حديقة مزيرع, 411       
2021,مارس,March,Mizari Park,حديقة مزيرع, 517       
2021,ابريل,April,Mizari Park,حديقة مزيرع, 437       
2021,مايو ,May,Mizari Park,حديقة مزيرع, 307       
2021,يونيو,June,Mizari Park,حديقة مزيرع, 335       
2021,يناير,January,Mushairif,حديقة مشيرف," 8,887       "
2021,فبراير ,February,Mushairif,حديقة مشيرف," 8,930       "
2021,مارس,March,Mushairif,حديقة مشيرف," 8,104       "
2021,ابريل,April,Mushairif,حديقة مشيرف," 4,453       "
2021,مايو ,May,Mushairif,حديقة مشيرف, 929       
2021,يونيو,June,Mushairif,حديقة مشيرف," 1,738       "
2021,يناير,January,Al Helio, منتزه الحليو," 68,408       "
2021,فبراير ,February,Al Helio, منتزه الحليو," 32,445       "
2021,مارس,March,Al Helio, منتزه الحليو," 447,004       "
2021,ابريل,April,Al Helio, منتزه الحليو," 11,985       "
2021,مايو ,May,Al Helio, منتزه الحليو," 13,470       "
2021,يونيو,June,Al Helio, منتزه الحليو," 10,100       "
2021,يناير,January,Al Hekma,حديقة الحكمه," 2,061       "
2021,فبراير ,February,Al Hekma,حديقة الحكمه," 2,933       "
2021,مارس,March,Al Hekma,حديقة الحكمه," 3,210       "
2021,ابريل,April,Al Hekma,حديقة الحكمه," 2,339       "
2021,مايو ,May,Al Hekma,حديقة الحكمه, 416       
2021,يونيو,June,Al Hekma,حديقة الحكمه, 344       
2021,يناير,January,Warqa'a,حديقة الورقا," 1,489       "
2021,فبراير ,February,Warqa'a,حديقة الورقا," 1,328       "
2021,مارس,March,Warqa'a,حديقة الورقا," 1,759       "
2021,ابريل,April,Warqa'a,حديقة الورقا," 1,387       "
2021,مايو ,May,Warqa'a,حديقة الورقا," 1,242       "
2021,يونيو,June,Warqa'a,حديقة الورقا," 1,952       "
2021,يناير,January,Alam Park,حديقة العلم," 16,719       "
2021,فبراير ,February,Alam Park,حديقة العلم," 16,380       "
2021,مارس,March,Alam Park,حديقة العلم," 8,900       "
2021,ابريل,April,Alam Park,حديقة العلم," 8,150       "
2021,مايو ,May,Alam Park,حديقة العلم," 5,100       "
2021,يونيو,June,Alam Park,حديقة العلم," 5,350       "
2021,يناير,January,Safia Park,حديقة الصفيا," 112,180       "
2021,فبراير ,February,Safia Park,حديقة الصفيا," 113,258       "
2021,مارس,March,Safia Park,حديقة الصفيا," 35,080       "
2021,ابريل,April,Safia Park,حديقة الصفيا," 54,650       "
2021,مايو ,May,Safia Park,حديقة الصفيا," 49,100       "
2021,يونيو,June,Safia Park,حديقة الصفيا," 33,000       "
2021,يناير,January,Al Jurf Park,حديقة الجرف ," 8,201       "
2021,فبراير ,February,Al Jurf Park,حديقة الجرف ," 3,865       "
2021,مارس,March,Al Jurf Park,حديقة الجرف ," 8,075       "
2021,ابريل,April,Al Jurf Park,حديقة الجرف ," 4,828       "
2021,مايو ,May,Al Jurf Park,حديقة الجرف ," 1,319       "
2021,يونيو,June,Al Jurf Park,حديقة الجرف , -         
2021,يناير,January,Sport Park,الحديقة الرياضية," 12,198       "
2021,فبراير ,February,Sport Park,الحديقة الرياضية," 10,059       "
2021,مارس,March,Sport Park,الحديقة الرياضية," 16,297       "
2021,ابريل,April,Sport Park,الحديقة الرياضية," 27,004       "
2021,مايو ,May,Sport Park,الحديقة الرياضية," 10,500       "
2021,يونيو,June,Sport Park,الحديقة الرياضية," 30,348       "
2021,يناير,January,Al Rashidiya,حديقة الراشدية," 9,843       "
2021,فبراير ,February,Al Rashidiya,حديقة الراشدية," 5,827       "
2021,مارس,March,Al Rashidiya,حديقة الراشدية," 10,822       "
2021,ابريل,April,Al Rashidiya,حديقة الراشدية,8250
2021,مايو ,May,Al Rashidiya,حديقة الراشدية,6000
2021,يونيو,June,Al Rashidiya,حديقة الراشدية,5574
2021,يناير,January,Al Naseem,حديقة النسيم , 874       
2021,فبراير ,February,Al Naseem,حديقة النسيم , 704       
2021,مارس,March,Al Naseem,حديقة النسيم , 939       
2021,ابريل,April,Al Naseem,حديقة النسيم , 644       
2021,مايو ,May,Al Naseem,حديقة النسيم , 748       
2021,يونيو,June,Al Naseem,حديقة النسيم , 617       
2021,يناير,January,al rqayeb,حديقة الرقايب," 10,760       "
2021,فبراير ,February,al rqayeb,حديقة الرقايب," 6,105       "
2021,مارس,March,al rqayeb,حديقة الرقايب," 10,890       "
2021,ابريل,April,al rqayeb,حديقة الرقايب," 3,741       "
2021,مايو ,May,al rqayeb,حديقة الرقايب," 2,800       "
2021,يونيو,June,al rqayeb,حديقة الرقايب," 2,468       "
2021,يناير,January,Sayh Al Zahra,حديقة سيح الزهره, 309       
2021,فبراير ,February,Sayh Al Zahra,حديقة سيح الزهره, 479       
2021,مارس,March,Sayh Al Zahra,حديقة سيح الزهره, 469       
2021,ابريل,April,Sayh Al Zahra,حديقة سيح الزهره, 562       
2021,مايو ,May,Sayh Al Zahra,حديقة سيح الزهره, 300       
2021,يونيو,June,Sayh Al Zahra,حديقة سيح الزهره, 642       
2021,يناير,January,Al Manama Museum,حديقة متحف المنامة, 437       
2021,فبراير ,February,Al Manama Museum,حديقة متحف المنامة, 912       
2021,مارس,March,Al Manama Museum,حديقة متحف المنامة," 1,702       "
2021,ابريل,April,Al Manama Museum,حديقة متحف المنامة," 1,411       "
2021,مايو ,May,Al Manama Museum,حديقة متحف المنامة, 500       
2021,يونيو,June,Al Manama Museum,حديقة متحف المنامة," 1,178       "
2021,يناير,January,Al Subigha park,حديقة الصبيغة, 466       
2021,فبراير ,February,Al Subigha park,حديقة الصبيغة, 431       
2021,مارس,March,Al Subigha park,حديقة الصبيغة, 490       
2021,ابريل,April,Al Subigha park,حديقة الصبيغة, 469       
2021,مايو ,May,Al Subigha park,حديقة الصبيغة, 400       
2021,يونيو,June,Al Subigha park,حديقة الصبيغة, 285       
2021,يناير,January,Ajman Chamber Park,حديقة غرفة عجمان, 668       
2021,فبراير ,February,Ajman Chamber Park,حديقة غرفة عجمان, 456       
2021,مارس,March,Ajman Chamber Park,حديقة غرفة عجمان, 600       
2021,ابريل,April,Ajman Chamber Park,حديقة غرفة عجمان, 500       
2021,مايو ,May,Ajman Chamber Park,حديقة غرفة عجمان, 400       
2021,يونيو,June,Ajman Chamber Park,حديقة غرفة عجمان, 300       
2021,يناير,January,Al Jazeer Dam Park,حديقة سد الجزير, 50       
2021,فبراير ,February,Al Jazeer Dam Park,حديقة سد الجزير, 60       
2021,مارس,March,Al Jazeer Dam Park,حديقة سد الجزير, 40       
2021,ابريل,April,Al Jazeer Dam Park,حديقة سد الجزير, 30       
2021,مايو ,May,Al Jazeer Dam Park,حديقة سد الجزير, 30       
2021,يونيو,June,Al Jazeer Dam Park,حديقة سد الجزير, 35       
2021,يناير,January,Al Nuaimia Square,حديقة ساحه النعيمية,756
2021,فبراير ,February,Al Nuaimia Square,حديقة ساحه النعيمية,835
2021,مارس,March,Al Nuaimia Square,حديقة ساحه النعيمية,885
2021,ابريل,April,Al Nuaimia Square,حديقة ساحه النعيمية,700
2021,مايو ,May,Al Nuaimia Square,حديقة ساحه النعيمية,600
2021,يونيو,June,Al Nuaimia Square,حديقة ساحه النعيمية,599
